{
  "id": "1904123",
  "name": "jm",
  "font_family": "iconfont",
  "css_prefix_text": "icon-",
  "description": "",
  "glyphs": [
    {
      "icon_id": "715822",
      "name": "播放历史",
      "font_class": "bofanglishi",
      "unicode": "e6a8",
      "unicode_decimal": 59048
    },
    {
      "icon_id": "774454",
      "name": "档案",
      "font_class": "dangan",
      "unicode": "e6a9",
      "unicode_decimal": 59049
    },
    {
      "icon_id": "1149088",
      "name": "档案1",
      "font_class": "dangan1",
      "unicode": "e6aa",
      "unicode_decimal": 59050
    },
    {
      "icon_id": "1215772",
      "name": "历史版本_icon",
      "font_class": "lishibanben_icon",
      "unicode": "e6ab",
      "unicode_decimal": 59051
    },
    {
      "icon_id": "1305475",
      "name": "历史记录",
      "font_class": "lishijilu",
      "unicode": "e6ad",
      "unicode_decimal": 59053
    },
    {
      "icon_id": "2127754",
      "name": "档案数据",
      "font_class": "danganshuju",
      "unicode": "e6ae",
      "unicode_decimal": 59054
    },
    {
      "icon_id": "2486613",
      "name": "预案历史",
      "font_class": "yuanlishi",
      "unicode": "e6af",
      "unicode_decimal": 59055
    },
    {
      "icon_id": "3866094",
      "name": "档案",
      "font_class": "dangan-",
      "unicode": "e6b0",
      "unicode_decimal": 59056
    },
    {
      "icon_id": "5288575",
      "name": "档案",
      "font_class": "dangan2",
      "unicode": "e6b1",
      "unicode_decimal": 59057
    },
    {
      "icon_id": "5321694",
      "name": "档案1",
      "font_class": "dangan11",
      "unicode": "e6b2",
      "unicode_decimal": 59058
    },
    {
      "icon_id": "5778172",
      "name": "档案库",
      "font_class": "dangan3",
      "unicode": "e6b3",
      "unicode_decimal": 59059
    },
    {
      "icon_id": "6526148",
      "name": "历史-填充",
      "font_class": "lishi-tianchong",
      "unicode": "e6b4",
      "unicode_decimal": 59060
    },
    {
      "icon_id": "6536057",
      "name": "物品-档案",
      "font_class": "wp-da",
      "unicode": "e726",
      "unicode_decimal": 59174
    },
    {
      "icon_id": "7338884",
      "name": "档案管理",
      "font_class": "danganguanli",
      "unicode": "e6b5",
      "unicode_decimal": 59061
    },
    {
      "icon_id": "8765218",
      "name": "档案-1",
      "font_class": "dangan-1",
      "unicode": "e6b6",
      "unicode_decimal": 59062
    },
    {
      "icon_id": "8765221",
      "name": "档案-2",
      "font_class": "dangan-2",
      "unicode": "e6b8",
      "unicode_decimal": 59064
    },
    {
      "icon_id": "12025968",
      "name": "浏览历史",
      "font_class": "liulanlishi",
      "unicode": "e7aa",
      "unicode_decimal": 59306
    },
    {
      "icon_id": "12889895",
      "name": "过程监控-历史数据",
      "font_class": "guochengjiankong-lishishuju",
      "unicode": "e6b9",
      "unicode_decimal": 59065
    },
    {
      "icon_id": "13799870",
      "name": "档案",
      "font_class": "danganjianying",
      "unicode": "e6ba",
      "unicode_decimal": 59066
    },
    {
      "icon_id": "14445791",
      "name": "档案",
      "font_class": "dangan4",
      "unicode": "e762",
      "unicode_decimal": 59234
    },
    {
      "icon_id": "2076321",
      "name": "榜单2",
      "font_class": "bangdan",
      "unicode": "e8a3",
      "unicode_decimal": 59555
    },
    {
      "icon_id": "3483819",
      "name": "土豪榜",
      "font_class": "tuhaobang",
      "unicode": "e6a5",
      "unicode_decimal": 59045
    },
    {
      "icon_id": "4900176",
      "name": "PK榜icon",
      "font_class": "PKbangicon",
      "unicode": "e6ac",
      "unicode_decimal": 59052
    },
    {
      "icon_id": "12410553",
      "name": "榜单",
      "font_class": "rank",
      "unicode": "e6a6",
      "unicode_decimal": 59046
    },
    {
      "icon_id": "12592989",
      "name": "第一",
      "font_class": "diyi",
      "unicode": "e6e9",
      "unicode_decimal": 59113
    },
    {
      "icon_id": "13744091",
      "name": "榜单",
      "font_class": "bangdan1",
      "unicode": "e6a7",
      "unicode_decimal": 59047
    },
    {
      "icon_id": "36572",
      "name": "上一首",
      "font_class": "shangyishou",
      "unicode": "e682",
      "unicode_decimal": 59010
    },
    {
      "icon_id": "356486",
      "name": "循环",
      "font_class": "xunhuan",
      "unicode": "e683",
      "unicode_decimal": 59011
    },
    {
      "icon_id": "700797",
      "name": "列表",
      "font_class": "liebiao",
      "unicode": "e685",
      "unicode_decimal": 59013
    },
    {
      "icon_id": "1106168",
      "name": "上一首",
      "font_class": "shangyishou1",
      "unicode": "e686",
      "unicode_decimal": 59014
    },
    {
      "icon_id": "1110424",
      "name": "下一首",
      "font_class": "xiayishou",
      "unicode": "e687",
      "unicode_decimal": 59015
    },
    {
      "icon_id": "1110448",
      "name": "下一首",
      "font_class": "xiayishou1",
      "unicode": "e688",
      "unicode_decimal": 59016
    },
    {
      "icon_id": "1249234",
      "name": "列表",
      "font_class": "list",
      "unicode": "e689",
      "unicode_decimal": 59017
    },
    {
      "icon_id": "1308051",
      "name": "048操作_下一首",
      "font_class": "048caozuo_xiayishou",
      "unicode": "e68a",
      "unicode_decimal": 59018
    },
    {
      "icon_id": "1309814",
      "name": "循环",
      "font_class": "xunhuan1",
      "unicode": "e68b",
      "unicode_decimal": 59019
    },
    {
      "icon_id": "1309819",
      "name": "下一首",
      "font_class": "xiayishou2",
      "unicode": "e68c",
      "unicode_decimal": 59020
    },
    {
      "icon_id": "1312005",
      "name": "下一首",
      "font_class": "xiayishou3",
      "unicode": "e68e",
      "unicode_decimal": 59022
    },
    {
      "icon_id": "1488893",
      "name": "单曲循环",
      "font_class": "danquxunhuan",
      "unicode": "e690",
      "unicode_decimal": 59024
    },
    {
      "icon_id": "2380650",
      "name": "列表",
      "font_class": "liebiao1",
      "unicode": "e691",
      "unicode_decimal": 59025
    },
    {
      "icon_id": "6129082",
      "name": "46第一页、首页、上一首",
      "font_class": "diyiyeshouyeshangyishou",
      "unicode": "e76c",
      "unicode_decimal": 59244
    },
    {
      "icon_id": "6129086",
      "name": "48第一页、首页、上一首",
      "font_class": "diyiyeshouyeshangyishou1",
      "unicode": "e76d",
      "unicode_decimal": 59245
    },
    {
      "icon_id": "6268311",
      "name": "列表",
      "font_class": "liebiao2",
      "unicode": "e692",
      "unicode_decimal": 59026
    },
    {
      "icon_id": "7417086",
      "name": "上一首",
      "font_class": "shangyishou2",
      "unicode": "e699",
      "unicode_decimal": 59033
    },
    {
      "icon_id": "7417092",
      "name": "下一首",
      "font_class": "xiayishou4",
      "unicode": "e69a",
      "unicode_decimal": 59034
    },
    {
      "icon_id": "8341784",
      "name": "上一首",
      "font_class": "shangyishou3",
      "unicode": "e69b",
      "unicode_decimal": 59035
    },
    {
      "icon_id": "8341786",
      "name": "下一首",
      "font_class": "xiayishou5",
      "unicode": "e69d",
      "unicode_decimal": 59037
    },
    {
      "icon_id": "8423791",
      "name": "设置",
      "font_class": "huaban",
      "unicode": "e69e",
      "unicode_decimal": 59038
    },
    {
      "icon_id": "8703696",
      "name": "设置",
      "font_class": "shezhi5",
      "unicode": "e69f",
      "unicode_decimal": 59039
    },
    {
      "icon_id": "9148970",
      "name": "循环",
      "font_class": "weimingmingwenjianjia_xunhuan",
      "unicode": "e6a0",
      "unicode_decimal": 59040
    },
    {
      "icon_id": "10468490",
      "name": "下一首 下一刻 ",
      "font_class": "icon-test3",
      "unicode": "e6a1",
      "unicode_decimal": 59041
    },
    {
      "icon_id": "11177667",
      "name": "循环",
      "font_class": "ziyuan1",
      "unicode": "e6a2",
      "unicode_decimal": 59042
    },
    {
      "icon_id": "12753745",
      "name": "上一首",
      "font_class": "shangyishou_huaban",
      "unicode": "e6a3",
      "unicode_decimal": 59043
    },
    {
      "icon_id": "12753746",
      "name": "下一首",
      "font_class": "xiayishou_huaban",
      "unicode": "e6a4",
      "unicode_decimal": 59044
    },
    {
      "icon_id": "584124",
      "name": "删除",
      "font_class": "iconfontshanchu5",
      "unicode": "e67a",
      "unicode_decimal": 59002
    },
    {
      "icon_id": "729519",
      "name": "返回顶部 (1)",
      "font_class": "fanhuidingbu1",
      "unicode": "e67b",
      "unicode_decimal": 59003
    },
    {
      "icon_id": "729521",
      "name": "返回顶部 (3)",
      "font_class": "fanhuidingbu3",
      "unicode": "e67e",
      "unicode_decimal": 59006
    },
    {
      "icon_id": "1048875",
      "name": "删除",
      "font_class": "icon_del",
      "unicode": "e67f",
      "unicode_decimal": 59007
    },
    {
      "icon_id": "1240780",
      "name": "删除",
      "font_class": "shanchu",
      "unicode": "e680",
      "unicode_decimal": 59008
    },
    {
      "icon_id": "10292039",
      "name": "删 除",
      "font_class": "shanchu1",
      "unicode": "e681",
      "unicode_decimal": 59009
    },
    {
      "icon_id": "578990",
      "name": "编辑",
      "font_class": "bianji-copy",
      "unicode": "e673",
      "unicode_decimal": 58995
    },
    {
      "icon_id": "689206",
      "name": "编辑 铅笔 写 输入2",
      "font_class": "bianjiqianbixieshuru2",
      "unicode": "e7c9",
      "unicode_decimal": 59337
    },
    {
      "icon_id": "700826",
      "name": "编辑",
      "font_class": "bianji",
      "unicode": "e674",
      "unicode_decimal": 58996
    },
    {
      "icon_id": "1350128",
      "name": "编辑",
      "font_class": "edit-",
      "unicode": "e676",
      "unicode_decimal": 58998
    },
    {
      "icon_id": "1724230",
      "name": "编辑",
      "font_class": "bianji1",
      "unicode": "e677",
      "unicode_decimal": 58999
    },
    {
      "icon_id": "3878680",
      "name": "编辑",
      "font_class": "pen",
      "unicode": "e678",
      "unicode_decimal": 59000
    },
    {
      "icon_id": "7588089",
      "name": "编辑",
      "font_class": "bianji2",
      "unicode": "e679",
      "unicode_decimal": 59001
    },
    {
      "icon_id": "689296",
      "name": "添加 加号 无边框",
      "font_class": "tianjiajiahaowubiankuang",
      "unicode": "e81a",
      "unicode_decimal": 59418
    },
    {
      "icon_id": "3745192",
      "name": "相册",
      "font_class": "xiangce",
      "unicode": "e662",
      "unicode_decimal": 58978
    },
    {
      "icon_id": "8062167",
      "name": "相册",
      "font_class": "xiangce1",
      "unicode": "e663",
      "unicode_decimal": 58979
    },
    {
      "icon_id": "9594792",
      "name": "添加",
      "font_class": "tianjia",
      "unicode": "e665",
      "unicode_decimal": 58981
    },
    {
      "icon_id": "10529946",
      "name": "添加",
      "font_class": "tianjia1",
      "unicode": "e668",
      "unicode_decimal": 58984
    },
    {
      "icon_id": "10885638",
      "name": "添加",
      "font_class": "tianjia2",
      "unicode": "e669",
      "unicode_decimal": 58985
    },
    {
      "icon_id": "12911871",
      "name": "添加 加号 无边框",
      "font_class": "tianjiajiahaowubiankuang1",
      "unicode": "e66a",
      "unicode_decimal": 58986
    },
    {
      "icon_id": "14719399",
      "name": "添加  增加   加",
      "font_class": "tianjiazengjiajia",
      "unicode": "e671",
      "unicode_decimal": 58993
    },
    {
      "icon_id": "14720688",
      "name": "添加  加好友  添加朋友",
      "font_class": "tianjiajiahaoyoutianjiapengyou",
      "unicode": "e672",
      "unicode_decimal": 58994
    },
    {
      "icon_id": "15384647",
      "name": "相册",
      "font_class": "ziyuan333",
      "unicode": "e792",
      "unicode_decimal": 59282
    },
    {
      "icon_id": "2078817",
      "name": "dkw_消息 ",
      "font_class": "dkw_xiaoxi",
      "unicode": "e65f",
      "unicode_decimal": 58975
    },
    {
      "icon_id": "5158031",
      "name": "消息",
      "font_class": "xiaoxi-",
      "unicode": "e660",
      "unicode_decimal": 58976
    },
    {
      "icon_id": "10715458",
      "name": "消息",
      "font_class": "xiaoxi",
      "unicode": "e661",
      "unicode_decimal": 58977
    },
    {
      "icon_id": "14348127",
      "name": "消 息 (1)",
      "font_class": "xiaoxi1",
      "unicode": "e698",
      "unicode_decimal": 59032
    },
    {
      "icon_id": "396059",
      "name": "第二",
      "font_class": "second",
      "unicode": "e66b",
      "unicode_decimal": 58987
    },
    {
      "icon_id": "396060",
      "name": "第三",
      "font_class": "third",
      "unicode": "e66d",
      "unicode_decimal": 58989
    },
    {
      "icon_id": "396061",
      "name": "第一",
      "font_class": "first",
      "unicode": "e670",
      "unicode_decimal": 58992
    },
    {
      "icon_id": "992719",
      "name": "扫一扫",
      "font_class": "saoyisao",
      "unicode": "e657",
      "unicode_decimal": 58967
    },
    {
      "icon_id": "1703539",
      "name": "扫一扫",
      "font_class": "saoyisao1",
      "unicode": "e659",
      "unicode_decimal": 58969
    },
    {
      "icon_id": "5111279",
      "name": "扫一扫",
      "font_class": "saoyisao2",
      "unicode": "e666",
      "unicode_decimal": 58982
    },
    {
      "icon_id": "6264317",
      "name": "扫一扫",
      "font_class": "saoyisao3",
      "unicode": "e65a",
      "unicode_decimal": 58970
    },
    {
      "icon_id": "7550256",
      "name": "扫一扫",
      "font_class": "saoyisao4",
      "unicode": "e697",
      "unicode_decimal": 59031
    },
    {
      "icon_id": "3216539",
      "name": "排行榜",
      "font_class": "paihangbang",
      "unicode": "e66f",
      "unicode_decimal": 58991
    },
    {
      "icon_id": "6926778",
      "name": "排行榜",
      "font_class": "paihangbang1",
      "unicode": "e6f1",
      "unicode_decimal": 59121
    },
    {
      "icon_id": "8868067",
      "name": "排行",
      "font_class": "paihang",
      "unicode": "e650",
      "unicode_decimal": 58960
    },
    {
      "icon_id": "11200574",
      "name": "排行",
      "font_class": "paihang1",
      "unicode": "e651",
      "unicode_decimal": 58961
    },
    {
      "icon_id": "374776",
      "name": "设置",
      "font_class": "shezhi",
      "unicode": "e646",
      "unicode_decimal": 58950
    },
    {
      "icon_id": "5383656",
      "name": "设置",
      "font_class": "shezhi1",
      "unicode": "e781",
      "unicode_decimal": 59265
    },
    {
      "icon_id": "6265083",
      "name": "设置-实色",
      "font_class": "set-s",
      "unicode": "e64a",
      "unicode_decimal": 58954
    },
    {
      "icon_id": "8102699",
      "name": "设置",
      "font_class": "icon-test2",
      "unicode": "e64b",
      "unicode_decimal": 58955
    },
    {
      "icon_id": "10262050",
      "name": "设 置",
      "font_class": "shezhi2",
      "unicode": "e64d",
      "unicode_decimal": 58957
    },
    {
      "icon_id": "11134727",
      "name": "设置",
      "font_class": "shezhi3",
      "unicode": "e64f",
      "unicode_decimal": 58959
    },
    {
      "icon_id": "11810479",
      "name": "设置",
      "font_class": "shezhi4",
      "unicode": "e684",
      "unicode_decimal": 59012
    },
    {
      "icon_id": "1309815",
      "name": "音符",
      "font_class": "yinfu",
      "unicode": "e642",
      "unicode_decimal": 58946
    },
    {
      "icon_id": "1810268",
      "name": "音符",
      "font_class": "icon-test1",
      "unicode": "e6e0",
      "unicode_decimal": 59104
    },
    {
      "icon_id": "11749333",
      "name": "音符",
      "font_class": "yinfu1",
      "unicode": "e643",
      "unicode_decimal": 58947
    },
    {
      "icon_id": "11758460",
      "name": "音符",
      "font_class": "yinfu2",
      "unicode": "e771",
      "unicode_decimal": 59249
    },
    {
      "icon_id": "15391344",
      "name": "音符",
      "font_class": "yinfu3",
      "unicode": "e644",
      "unicode_decimal": 58948
    },
    {
      "icon_id": "1163322",
      "name": "麦克风",
      "font_class": "ktv",
      "unicode": "e63c",
      "unicode_decimal": 58940
    },
    {
      "icon_id": "2570115",
      "name": "麦克风",
      "font_class": "maikefeng-tianchong",
      "unicode": "e64c",
      "unicode_decimal": 58956
    },
    {
      "icon_id": "4190598",
      "name": "麦克风",
      "font_class": "CombinedShape",
      "unicode": "e63d",
      "unicode_decimal": 58941
    },
    {
      "icon_id": "6102941",
      "name": "麦克风",
      "font_class": "maikefeng",
      "unicode": "e641",
      "unicode_decimal": 58945
    },
    {
      "icon_id": "11346891",
      "name": "政策",
      "font_class": "zhengce",
      "unicode": "e62b",
      "unicode_decimal": 58923
    },
    {
      "icon_id": "11399524",
      "name": "时间",
      "font_class": "shijian2",
      "unicode": "e62f",
      "unicode_decimal": 58927
    },
    {
      "icon_id": "11749457",
      "name": "耳机",
      "font_class": "erji3",
      "unicode": "e696",
      "unicode_decimal": 59030
    },
    {
      "icon_id": "11882439",
      "name": "微信公益活动商户",
      "font_class": "weixingongyihuodongshanghu",
      "unicode": "e631",
      "unicode_decimal": 58929
    },
    {
      "icon_id": "11893489",
      "name": "时间",
      "font_class": "shijian3",
      "unicode": "e632",
      "unicode_decimal": 58930
    },
    {
      "icon_id": "12387149",
      "name": "信",
      "font_class": "xin1",
      "unicode": "e90f",
      "unicode_decimal": 59663
    },
    {
      "icon_id": "12497996",
      "name": "资金查询",
      "font_class": "zijinchaxun",
      "unicode": "e634",
      "unicode_decimal": 58932
    },
    {
      "icon_id": "13625140",
      "name": "公益",
      "font_class": "gongyi",
      "unicode": "e636",
      "unicode_decimal": 58934
    },
    {
      "icon_id": "13644673",
      "name": "菜单",
      "font_class": "caidan1",
      "unicode": "e637",
      "unicode_decimal": 58935
    },
    {
      "icon_id": "13646429",
      "name": "信封",
      "font_class": "xinfeng",
      "unicode": "e639",
      "unicode_decimal": 58937
    },
    {
      "icon_id": "13773780",
      "name": "视频播放",
      "font_class": "shipinbofang",
      "unicode": "e63b",
      "unicode_decimal": 58939
    },
    {
      "icon_id": "14445775",
      "name": "历史",
      "font_class": "lishi1",
      "unicode": "e75f",
      "unicode_decimal": 59231
    },
    {
      "icon_id": "14656301",
      "name": "政策智配",
      "font_class": "zhengcezhipei",
      "unicode": "e736",
      "unicode_decimal": 59190
    },
    {
      "icon_id": "14656471",
      "name": "政策智配",
      "font_class": "zhengcezhipei1",
      "unicode": "e742",
      "unicode_decimal": 59202
    },
    {
      "icon_id": "990",
      "name": "旅行",
      "font_class": "lvxing",
      "unicode": "e600",
      "unicode_decimal": 58880
    },
    {
      "icon_id": "15492",
      "name": "旅行",
      "font_class": "lvxing1",
      "unicode": "e65d",
      "unicode_decimal": 58973
    },
    {
      "icon_id": "172696",
      "name": "收藏",
      "font_class": "shoucang",
      "unicode": "e604",
      "unicode_decimal": 58884
    },
    {
      "icon_id": "176650",
      "name": "new",
      "font_class": "new",
      "unicode": "e628",
      "unicode_decimal": 58920
    },
    {
      "icon_id": "250681",
      "name": "失败报错-",
      "font_class": "shibaibaocuo",
      "unicode": "e6c6",
      "unicode_decimal": 59078
    },
    {
      "icon_id": "286209",
      "name": "导航-首页",
      "font_class": "daohangshouye",
      "unicode": "e605",
      "unicode_decimal": 58885
    },
    {
      "icon_id": "300727",
      "name": "三角右",
      "font_class": "triangle-right",
      "unicode": "e62c",
      "unicode_decimal": 58924
    },
    {
      "icon_id": "314903",
      "name": "三角上",
      "font_class": "triangle-top",
      "unicode": "e635",
      "unicode_decimal": 58933
    },
    {
      "icon_id": "338291",
      "name": "申请成功",
      "font_class": "shenqingchenggong",
      "unicode": "e625",
      "unicode_decimal": 58917
    },
    {
      "icon_id": "429212",
      "name": "搜索",
      "font_class": "search",
      "unicode": "e60e",
      "unicode_decimal": 58894
    },
    {
      "icon_id": "485763",
      "name": "收 藏",
      "font_class": "shoucang1",
      "unicode": "e60f",
      "unicode_decimal": 58895
    },
    {
      "icon_id": "551962",
      "name": "箭头",
      "font_class": "arrow-right",
      "unicode": "e601",
      "unicode_decimal": 58881
    },
    {
      "icon_id": "552809",
      "name": "收藏",
      "font_class": "shoucang2",
      "unicode": "e648",
      "unicode_decimal": 58952
    },
    {
      "icon_id": "579388",
      "name": "火",
      "font_class": "huo",
      "unicode": "e618",
      "unicode_decimal": 58904
    },
    {
      "icon_id": "609192",
      "name": "箭头",
      "font_class": "jiantouarrowhead7",
      "unicode": "e6bc",
      "unicode_decimal": 59068
    },
    {
      "icon_id": "630272",
      "name": "new",
      "font_class": "new1",
      "unicode": "e667",
      "unicode_decimal": 58983
    },
    {
      "icon_id": "631375",
      "name": "火",
      "font_class": "huo1",
      "unicode": "e66c",
      "unicode_decimal": 58988
    },
    {
      "icon_id": "701250",
      "name": "资金管理",
      "font_class": "zijinguanli",
      "unicode": "e61b",
      "unicode_decimal": 58907
    },
    {
      "icon_id": "765290",
      "name": "我的",
      "font_class": "shouye",
      "unicode": "e615",
      "unicode_decimal": 58901
    },
    {
      "icon_id": "785013",
      "name": "菜单",
      "font_class": "caidan",
      "unicode": "e649",
      "unicode_decimal": 58953
    },
    {
      "icon_id": "901941",
      "name": "耳机",
      "font_class": "erji",
      "unicode": "e608",
      "unicode_decimal": 58888
    },
    {
      "icon_id": "908497",
      "name": "收藏",
      "font_class": "shoucang3",
      "unicode": "e675",
      "unicode_decimal": 58997
    },
    {
      "icon_id": "967641",
      "name": "成功 - 不带圈",
      "font_class": "success_no_circle",
      "unicode": "e62e",
      "unicode_decimal": 58926
    },
    {
      "icon_id": "975592",
      "name": "成功",
      "font_class": "chenggong",
      "unicode": "e638",
      "unicode_decimal": 58936
    },
    {
      "icon_id": "1025568",
      "name": "时间",
      "font_class": "shijian",
      "unicode": "e61f",
      "unicode_decimal": 58911
    },
    {
      "icon_id": "1037680",
      "name": "企业文化",
      "font_class": "qiyewenhua",
      "unicode": "e613",
      "unicode_decimal": 58899
    },
    {
      "icon_id": "1072937",
      "name": "文化园地",
      "font_class": "wenhuayuandi",
      "unicode": "e653",
      "unicode_decimal": 58963
    },
    {
      "icon_id": "1110404",
      "name": "箭头 左 小",
      "font_class": "jiantou2",
      "unicode": "e606",
      "unicode_decimal": 58886
    },
    {
      "icon_id": "1117442",
      "name": "裕农通-操作失败",
      "font_class": "yunongtongcaozuoshibai",
      "unicode": "e622",
      "unicode_decimal": 58914
    },
    {
      "icon_id": "1163338",
      "name": "2、健康知识",
      "font_class": "2jiankangzhishi",
      "unicode": "e623",
      "unicode_decimal": 58915
    },
    {
      "icon_id": "1166014",
      "name": "订阅",
      "font_class": "iconfontzhizuobiaozhun023108",
      "unicode": "e66e",
      "unicode_decimal": 58990
    },
    {
      "icon_id": "1200220",
      "name": "三角",
      "font_class": "sanjiao",
      "unicode": "e629",
      "unicode_decimal": 58921
    },
    {
      "icon_id": "1262487",
      "name": "我的",
      "font_class": "wode",
      "unicode": "e718",
      "unicode_decimal": 59160
    },
    {
      "icon_id": "1306467",
      "name": "耳机",
      "font_class": "erji1",
      "unicode": "e614",
      "unicode_decimal": 58900
    },
    {
      "icon_id": "1311982",
      "name": "耳机",
      "font_class": "erji2",
      "unicode": "e63f",
      "unicode_decimal": 58943
    },
    {
      "icon_id": "1346681",
      "name": "下载",
      "font_class": "xiazai",
      "unicode": "e63a",
      "unicode_decimal": 58938
    },
    {
      "icon_id": "1374730",
      "name": "军人",
      "font_class": "junren",
      "unicode": "e609",
      "unicode_decimal": 58889
    },
    {
      "icon_id": "1418241",
      "name": "新品",
      "font_class": "xinpin",
      "unicode": "e616",
      "unicode_decimal": 58902
    },
    {
      "icon_id": "1509768",
      "name": "搜索",
      "font_class": "search1",
      "unicode": "e67c",
      "unicode_decimal": 59004
    },
    {
      "icon_id": "1638357",
      "name": "首页",
      "font_class": "shouye1",
      "unicode": "e617",
      "unicode_decimal": 58903
    },
    {
      "icon_id": "1810277",
      "name": "火",
      "font_class": "icon-test",
      "unicode": "e6e7",
      "unicode_decimal": 59111
    },
    {
      "icon_id": "2132530",
      "name": "体育",
      "font_class": "tiyu",
      "unicode": "e647",
      "unicode_decimal": 58951
    },
    {
      "icon_id": "2402040",
      "name": "箭头",
      "font_class": "jiantou",
      "unicode": "e612",
      "unicode_decimal": 58898
    },
    {
      "icon_id": "2674927",
      "name": "箭头 上",
      "font_class": "jiantoushang",
      "unicode": "e62d",
      "unicode_decimal": 58925
    },
    {
      "icon_id": "2681693",
      "name": "火",
      "font_class": "huo2",
      "unicode": "e607",
      "unicode_decimal": 58887
    },
    {
      "icon_id": "2729101",
      "name": "下载",
      "font_class": "xiazai1",
      "unicode": "e624",
      "unicode_decimal": 58916
    },
    {
      "icon_id": "2857610",
      "name": "失败",
      "font_class": "shibai",
      "unicode": "e658",
      "unicode_decimal": 58968
    },
    {
      "icon_id": "2932863",
      "name": "信",
      "font_class": "xin",
      "unicode": "e80d",
      "unicode_decimal": 59405
    },
    {
      "icon_id": "3050500",
      "name": "收藏",
      "font_class": "collection-b",
      "unicode": "e60d",
      "unicode_decimal": 58893
    },
    {
      "icon_id": "3219722",
      "name": "收藏",
      "font_class": "shoucang4",
      "unicode": "e694",
      "unicode_decimal": 59028
    },
    {
      "icon_id": "3293293",
      "name": "政",
      "font_class": "zheng",
      "unicode": "e67d",
      "unicode_decimal": 59005
    },
    {
      "icon_id": "3370325",
      "name": "健康",
      "font_class": "jiankang",
      "unicode": "e619",
      "unicode_decimal": 58905
    },
    {
      "icon_id": "3545514",
      "name": "视频-1",
      "font_class": "shipin-",
      "unicode": "e603",
      "unicode_decimal": 58883
    },
    {
      "icon_id": "3793271",
      "name": "体育-起跑",
      "font_class": "tiyu-qipao",
      "unicode": "e65b",
      "unicode_decimal": 58971
    },
    {
      "icon_id": "3794033",
      "name": "体育-跨栏",
      "font_class": "tiyu-kualan",
      "unicode": "e65e",
      "unicode_decimal": 58974
    },
    {
      "icon_id": "4409259",
      "name": "视频",
      "font_class": "ziyuan",
      "unicode": "e61e",
      "unicode_decimal": 58910
    },
    {
      "icon_id": "4465214",
      "name": "我的",
      "font_class": "wode1",
      "unicode": "e68f",
      "unicode_decimal": 59023
    },
    {
      "icon_id": "4784097",
      "name": "历史",
      "font_class": "lishi",
      "unicode": "e654",
      "unicode_decimal": 58964
    },
    {
      "icon_id": "4784103",
      "name": "历史点击后",
      "font_class": "lishidianjihou",
      "unicode": "e655",
      "unicode_decimal": 58965
    },
    {
      "icon_id": "4933193",
      "name": "火",
      "font_class": "huo3",
      "unicode": "e6e1",
      "unicode_decimal": 59105
    },
    {
      "icon_id": "4941944",
      "name": "公益",
      "font_class": "public-welfare",
      "unicode": "e652",
      "unicode_decimal": 58962
    },
    {
      "icon_id": "5121508",
      "name": "三角右",
      "font_class": "sanjiaoyou",
      "unicode": "e645",
      "unicode_decimal": 58949
    },
    {
      "icon_id": "5466055",
      "name": "new",
      "font_class": "new2",
      "unicode": "e720",
      "unicode_decimal": 59168
    },
    {
      "icon_id": "5667982",
      "name": "预订成功",
      "font_class": "yudingchenggong",
      "unicode": "e630",
      "unicode_decimal": 58928
    },
    {
      "icon_id": "5809200",
      "name": "失败",
      "font_class": "shibai1",
      "unicode": "e693",
      "unicode_decimal": 59027
    },
    {
      "icon_id": "5809202",
      "name": "首页",
      "font_class": "shouye2",
      "unicode": "e695",
      "unicode_decimal": 59029
    },
    {
      "icon_id": "5876884",
      "name": "箭头",
      "font_class": "biaoqing",
      "unicode": "e60a",
      "unicode_decimal": 58890
    },
    {
      "icon_id": "6027497",
      "name": "首页",
      "font_class": "shouye3",
      "unicode": "e60b",
      "unicode_decimal": 58891
    },
    {
      "icon_id": "6260311",
      "name": "我的",
      "font_class": "wode2",
      "unicode": "e61a",
      "unicode_decimal": 58906
    },
    {
      "icon_id": "6265238",
      "name": "菜单-实色",
      "font_class": "menu-s",
      "unicode": "e656",
      "unicode_decimal": 58966
    },
    {
      "icon_id": "6270980",
      "name": "三角形",
      "font_class": "sanjiaoxing",
      "unicode": "e6bd",
      "unicode_decimal": 59069
    },
    {
      "icon_id": "6489729",
      "name": "健康",
      "font_class": "jiankang1",
      "unicode": "e68d",
      "unicode_decimal": 59021
    },
    {
      "icon_id": "6665565",
      "name": "文化成果",
      "font_class": "airudiantubiaohuizhi-zhuanqu_wenhuachengguo",
      "unicode": "e69c",
      "unicode_decimal": 59036
    },
    {
      "icon_id": "6940838",
      "name": "信息",
      "font_class": "xinxi",
      "unicode": "e65c",
      "unicode_decimal": 58972
    },
    {
      "icon_id": "7050556",
      "name": "字典目录管理",
      "font_class": "zidianmuluguanli",
      "unicode": "e640",
      "unicode_decimal": 58944
    },
    {
      "icon_id": "7674919",
      "name": "成功",
      "font_class": "xiaoxi-chenggong",
      "unicode": "e71b",
      "unicode_decimal": 59163
    },
    {
      "icon_id": "7791001",
      "name": "旅行",
      "font_class": "lvhang",
      "unicode": "e7ea",
      "unicode_decimal": 59370
    },
    {
      "icon_id": "7817465",
      "name": "我的",
      "font_class": "yixianshi_huaban",
      "unicode": "e61c",
      "unicode_decimal": 58908
    },
    {
      "icon_id": "7843366",
      "name": "我的",
      "font_class": "wode3",
      "unicode": "e61d",
      "unicode_decimal": 58909
    },
    {
      "icon_id": "8145827",
      "name": "科技",
      "font_class": "keji",
      "unicode": "e664",
      "unicode_decimal": 58980
    },
    {
      "icon_id": "8361795",
      "name": "火",
      "font_class": "huo4",
      "unicode": "e6c2",
      "unicode_decimal": 59074
    },
    {
      "icon_id": "8410614",
      "name": "科技",
      "font_class": "keji1",
      "unicode": "e620",
      "unicode_decimal": 58912
    },
    {
      "icon_id": "8651837",
      "name": "历史数据统计",
      "font_class": "lishishujutongji",
      "unicode": "e64e",
      "unicode_decimal": 58958
    },
    {
      "icon_id": "8767555",
      "name": "下载",
      "font_class": "xiazai2",
      "unicode": "e621",
      "unicode_decimal": 58913
    },
    {
      "icon_id": "9097253",
      "name": "听书小窗-目录",
      "font_class": "tingshuxiaochuang-mulu",
      "unicode": "e626",
      "unicode_decimal": 58918
    },
    {
      "icon_id": "9810495",
      "name": "收藏",
      "font_class": "shoucang5",
      "unicode": "e633",
      "unicode_decimal": 58931
    },
    {
      "icon_id": "10056271",
      "name": "时间",
      "font_class": "shijian1",
      "unicode": "e70f",
      "unicode_decimal": 59151
    },
    {
      "icon_id": "10148663",
      "name": "收藏",
      "font_class": "shoucang6",
      "unicode": "e60c",
      "unicode_decimal": 58892
    },
    {
      "icon_id": "10158753",
      "name": "失败",
      "font_class": "fail_icon",
      "unicode": "e63e",
      "unicode_decimal": 58942
    },
    {
      "icon_id": "10360002",
      "name": "校本文化",
      "font_class": "xiaobenwenhua",
      "unicode": "e602",
      "unicode_decimal": 58882
    },
    {
      "icon_id": "10595110",
      "name": "交易-财务-启动资金_jurassic",
      "font_class": "jurassic_trading",
      "unicode": "e6b7",
      "unicode_decimal": 59063
    },
    {
      "icon_id": "10691041",
      "name": "首页",
      "font_class": "shouye4",
      "unicode": "e610",
      "unicode_decimal": 58896
    },
    {
      "icon_id": "10707686",
      "name": "收藏 collect",
      "font_class": "shoucang-collect",
      "unicode": "e627",
      "unicode_decimal": 58919
    },
    {
      "icon_id": "10905594",
      "name": "火爆",
      "font_class": "huobao",
      "unicode": "e62a",
      "unicode_decimal": 58922
    },
    {
      "icon_id": "10939112",
      "name": "搜索",
      "font_class": "btn_search",
      "unicode": "e611",
      "unicode_decimal": 58897
    },
    {
      "icon_id": "11082845",
      "name": "科技",
      "font_class": "juxing",
      "unicode": "e715",
      "unicode_decimal": 59157
    },
    {
      "icon_id": "11237784",
      "name": "订阅 (1)",
      "font_class": "dingyue",
      "unicode": "e75c",
      "unicode_decimal": 59228
    }
  ]
}
